{
  "league_name": "Counties 1 adm Lancashire & Cheshire",
  "league_url": "https://www.englandrugby.com/fixtures-and-results/search-results?competition=1623&division=66492",
  "teams": [
    {
      "name": "Wilmslow",
      "url": "https://www.englandrugby.com/fixtures-and-results/search-results?team=25471",
      "image_url": "https://images.englandrugby.com/club_images/25471.png",
      "address": "Memorial Ground, Kings Road, Pownall Park, Wilmslow, Cheshire, SK9 5PZ, United Kingdom",
      "postcode": "SK9 5PZ",
      "maps_url": "https://www.google.com/maps/search/?api=1&query=Memorial%20Ground%0AKings%20Road%0APownall%20Park%0AWilmslow%0ACheshire%0ASK9%205PZ%0AUnited%20Kingdom",
      "latitude": 53.3344312,
      "longitude": -2.2483284,
      "formatted_address": "SK9 5PZ, Wilmslow, Cheshire East, England, United Kingdom",
      "place_id": 350820137
    },
    {
      "name": "Didsbury Toc H",
      "url": "https://www.englandrugby.com/fixtures-and-results/search-results?team=6446",
      "image_url": "https://images.englandrugby.com/club_images/6446.png",
      "address": "Clubhouse Simon Field Ford Lane Didsbury Manchester LANCASHIRE M20 2RU UNITED KINGDOM ",
      "postcode": "M20 2RU",
      "maps_url": "https://www.google.com/maps/search/?api=1&query=Clubhouse%20Simon%20Field%20Ford%20Lane%20Didsbury%20Manchester%20LANCASHIRE%20M20%202RU%20UNITED%20KINGDOM%20",
      "latitude": 53.4139,
      "longitude": -2.23351,
      "formatted_address": "M20 2RU, Manchester, Greater Manchester, England, United Kingdom",
      "place_id": 351541486
    },
    {
      "name": "Warrington",
      "url": "https://www.englandrugby.com/fixtures-and-results/search-results?team=24339",
      "image_url": "https://images.englandrugby.com/club_images/24339.png",
      "address": "South Warrington Sports Club, Stockton Lane, Grappenhall, Warrington, Cheshire, WA4 3HQ, United Kingdom",
      "postcode": "WA4 3HQ",
      "maps_url": "https://www.google.com/maps/search/?api=1&query=South%20Warrington%20Sports%20Club%0AStockton%20Lane%0AGrappenhall%0AWarrington%0ACheshire%0AWA4%203HQ%0AUnited%20Kingdom",
      "latitude": 53.3713965,
      "longitude": -2.563598,
      "formatted_address": "WA4 3HQ, Grappenhall and Thelwall, Warrington, England, United Kingdom",
      "place_id": 350880607
    },
    {
      "name": "Aldwinians",
      "url": "https://www.englandrugby.com/fixtures-and-results/search-results?team=424",
      "image_url": "https://images.englandrugby.com/club_images/424.png",
      "address": "Audenshaw Park, Droylsden Road, Audenshaw,  GREATER MANCHESTER M34 5SN UNITED KINGDOM ",
      "postcode": "M34 5SN",
      "maps_url": "https://www.google.com/maps/search/?api=1&query=Audenshaw%20Park%2C%20Droylsden%20Road%2C%20Audenshaw%2C%20%20GREATER%20MANCHESTER%20M34%205SN%20UNITED%20KINGDOM%20",
      "latitude": 53.4768912,
      "longitude": -2.1387899,
      "formatted_address": "M34 5SN, Tameside, Greater Manchester, England, United Kingdom",
      "place_id": 350698316
    },
    {
      "name": "Eccles",
      "url": "https://www.englandrugby.com/fixtures-and-results/search-results?team=7278",
      "image_url": "https://images.englandrugby.com/club_images/7278.png",
      "address": "Gorton Street, Peel Green, Eccles, Manchester., Greater Manchester, M30 7LZ, United Kingdom",
      "postcode": "M30 7LZ",
      "maps_url": "https://www.google.com/maps/search/?api=1&query=Gorton%20Street%0APeel%20Green%0AEccles%2C%20Manchester.%0AGreater%20Manchester%0AM30%207LZ%0AUnited%20Kingdom",
      "latitude": 53.4797592,
      "longitude": -2.3701328,
      "formatted_address": "Gorton Street, Winton, Worsley, Salford, Greater Manchester, England, M30 7EH, United Kingdom",
      "place_id": 257045139
    },
    {
      "name": "Tarleton",
      "url": "https://www.englandrugby.com/fixtures-and-results/search-results?team=21657",
      "image_url": "https://images.englandrugby.com/club_images/21657.png",
      "address": "Tarleton RFC Carr Lane, Tarleton, Preston. PR4 6BT UNITED KINGDOM ",
      "postcode": "PR4 6BT",
      "maps_url": "https://www.google.com/maps/search/?api=1&query=Tarleton%20RFC%20Carr%20Lane%2C%20Tarleton%2C%20Preston.%20PR4%206BT%20UNITED%20KINGDOM%20",
      "latitude": 53.6840411,
      "longitude": -2.8347994,
      "formatted_address": "PR4 6BT, Tarleton, Mere Brow, West Lancashire, Lancashire, England, United Kingdom",
      "place_id": 350780520
    },
    {
      "name": "New Brighton",
      "url": "https://www.englandrugby.com/fixtures-and-results/search-results?team=14326",
      "image_url": "https://images.englandrugby.com/club_images/14326.png",
      "address": "Reeds Lane, Leasowe, Moreton, Wirral, Merseyside, CH46 3RH, United Kingdom",
      "postcode": "CH46 3RH",
      "maps_url": "https://www.google.com/maps/search/?api=1&query=Reeds%20Lane%0ALeasowe%0AMoreton%0AWirral%0AMerseyside%0ACH46%203RH%0AUnited%20Kingdom",
      "latitude": 53.41533,
      "longitude": -3.10597,
      "formatted_address": "CH46 3RH, Wirral, Liverpool City Region, England, United Kingdom",
      "place_id": 351062213
    },
    {
      "name": "Wigan",
      "url": "https://www.englandrugby.com/fixtures-and-results/search-results?team=25389",
      "image_url": "https://images.englandrugby.com/club_images/25389.png",
      "address": "Douglas Valley Wingates Road Leyland Mill Lane Wigan LANCASHIRE WN1 2SJ UNITED KINGDOM",
      "postcode": "WN1 2SJ",
      "maps_url": "https://www.google.com/maps/search/?api=1&query=Douglas%20Valley%20Wingates%20Road%20Leyland%20Mill%20Lane%20Wigan%20LANCASHIRE%20WN1%202SJ%20UNITED%20KINGDOM",
      "latitude": 53.5691293,
      "longitude": -2.6306799,
      "formatted_address": "WN1 2SJ, Haigh, Wigan, Greater Manchester, England, United Kingdom",
      "place_id": 352152290
    },
    {
      "name": "Liverpool St Helens",
      "url": "https://www.englandrugby.com/fixtures-and-results/search-results?team=12441",
      "image_url": "https://images.englandrugby.com/club_images/12441.png",
      "address": "Moss Lane Windle St. Helens MERSEYSIDE WA11 7PL UNITED KINGDOM ",
      "postcode": "WA11 7PL",
      "maps_url": "https://www.google.com/maps/search/?api=1&query=Moss%20Lane%20Windle%20St.%20Helens%20MERSEYSIDE%20WA11%207PL%20UNITED%20KINGDOM%20",
      "latitude": 53.47099,
      "longitude": -2.77798,
      "formatted_address": "WA11 7PL, Windle, St Helens, Liverpool City Region, England, United Kingdom",
      "place_id": 352124822
    },
    {
      "name": "Broughton Park",
      "url": "https://www.englandrugby.com/fixtures-and-results/search-results?team=3497",
      "image_url": "https://images.englandrugby.com/club_images/3497.png",
      "address": "Broughton Park Fc , 2 Houghend Crescent, Off Mauldeth Road West, Manchester, Lancashire, M21 7TL, United Kingdom",
      "postcode": "M21 7TL",
      "maps_url": "https://www.google.com/maps/search/?api=1&query=Broughton%20Park%20Fc%20%0A2%20Houghend%20Crescent%0AOff%20Mauldeth%20Road%20West%0AManchester%0ALancashire%0AM21%207TL%0AUnited%20Kingdom",
      "latitude": 53.43633,
      "longitude": -2.25581,
      "formatted_address": "M21 7TL, Manchester, Greater Manchester, England, United Kingdom",
      "place_id": 351542451
    },
    {
      "name": "Aspull",
      "url": "https://www.englandrugby.com/fixtures-and-results/search-results?team=990",
      "image_url": "https://images.englandrugby.com/club_images/990.png",
      "address": "Aspull Rugby Club Woods Road, Aspull, Wigan. LANCASHIRE WN21PJ UNITED KINGDOM ",
      "postcode": "WN21PJ",
      "maps_url": "https://www.google.com/maps/search/?api=1&query=Aspull%20Rugby%20Club%20Woods%20Road%2C%20Aspull%2C%20Wigan.%20LANCASHIRE%20WN21PJ%20UNITED%20KINGDOM%20",
      "latitude": 53.56447,
      "longitude": -2.58729,
      "formatted_address": "WN2 1PJ, Wigan, Greater Manchester, England, United Kingdom",
      "place_id": 352152731
    },
    {
      "name": "Trafford MV",
      "url": "https://www.englandrugby.com/fixtures-and-results/search-results?team=23101",
      "image_url": "https://images.englandrugby.com/club_images/23101.png",
      "address": "Finny Bank Road, Macpherson Park, Sale, Cheshire, M33 6LR, United Kingdom",
      "postcode": "M33 6LR",
      "maps_url": "https://www.google.com/maps/search/?api=1&query=Finny%20Bank%20Road%0AMacpherson%20Park%0ASale%0ACheshire%0AM33%206LR%0AUnited%20Kingdom",
      "latitude": 53.43238,
      "longitude": -2.3294,
      "formatted_address": "M33 6LR, Trafford, Greater Manchester, England, United Kingdom",
      "place_id": 351552940
    }
  ],
  "team_count": 12
}